JWDP,begin,end
001,12:00 AM,12:29 AM
002,12:30 AM,12:59 AM
003,1:00 AM,1:29 AM
004,1:30 AM,1:59 AM
005,2:00 AM,2:29 AM
006,2:30 AM,2:59 AM
007,3:00 AM,3:09 AM
008,3:10 AM,3:19 AM
009,3:20 AM,3:29 AM
010,3:30 AM,3:39 AM
011,3:40 AM,3:49 AM
012,3:50 AM,3:59 AM
013,4:00 AM,4:09 AM
014,4:10 AM,4:19 AM
015,4:20 AM,4:29 AM
016,4:30 AM,4:39 AM
017,4:40 AM,4:49 AM
018,4:50 AM,4:59 AM
019,5:00 AM,5:04 AM
020,5:05 AM,5:09 AM
021,5:10 AM,5:14 AM
022,5:15 AM,5:19 AM
023,5:20 AM,5:24 AM
024,5:25 AM,5:29 AM
025,5:30 AM,5:34 AM
026,5:35 AM,5:39 AM
027,5:40 AM,5:44 AM
028,5:45 AM,5:49 AM
029,5:50 AM,5:54 AM
030,5:55 AM,5:59 AM
031,6:00 AM,6:04 AM
032,6:05 AM,6:09 AM
033,6:10 AM,6:14 AM
034,6:15 AM,6:19 AM
035,6:20 AM,6:24 AM
036,6:25 AM,6:29 AM
037,6:30 AM,6:34 AM
038,6:35 AM,6:39 AM
039,6:40 AM,6:44 AM
040,6:45 AM,6:49 AM
041,6:50 AM,6:54 AM
042,6:55 AM,6:59 AM
043,7:00 AM,7:04 AM
044,7:05 AM,7:09 AM
045,7:10 AM,7:14 AM
046,7:15 AM,7:19 AM
047,7:20 AM,7:24 AM
048,7:25 AM,7:29 AM
049,7:30 AM,7:34 AM
050,7:35 AM,7:39 AM
051,7:40 AM,7:44 AM
052,7:45 AM,7:49 AM
053,7:50 AM,7:54 AM
054,7:55 AM,7:59 AM
055,8:00 AM,8:04 AM
056,8:05 AM,8:09 AM
057,8:10 AM,8:14 AM
058,8:15 AM,8:19 AM
059,8:20 AM,8:24 AM
060,8:25 AM,8:29 AM
061,8:30 AM,8:34 AM
062,8:35 AM,8:39 AM
063,8:40 AM,8:44 AM
064,8:45 AM,8:49 AM
065,8:50 AM,8:54 AM
066,8:55 AM,8:59 AM
067,9:00 AM,9:04 AM
068,9:05 AM,9:09 AM
069,9:10 AM,9:14 AM
070,9:15 AM,9:19 AM
071,9:20 AM,9:24 AM
072,9:25 AM,9:29 AM
073,9:30 AM,9:34 AM
074,9:35 AM,9:39 AM
075,9:40 AM,9:44 AM
076,9:45 AM,9:49 AM
077,9:50 AM,9:54 AM
078,9:55 AM,9:59 AM
079,10:00 AM,10:09 AM
080,10:10 AM,10:19 AM
081,10:20 AM,10:29 AM
082,10:30 AM,10:39 AM
083,10:40 AM,10:49 AM
084,10:50 AM,10:59 AM
085,11:00 AM,11:09 AM
086,11:10 AM,11:19 AM
087,11:20 AM,11:29 AM
088,11:30 AM,11:39 AM
089,11:40 AM,11:49 AM
090,11:50 AM,11:59 AM
091,12:00 PM,12:09 PM
092,12:10 PM,12:19 PM
093,12:20 PM,12:29 PM
094,12:30 PM,12:39 PM
095,12:40 PM,12:49 PM
096,12:50 PM,12:59 PM
097,1:00 PM,1:09 PM
098,1:10 PM,1:19 PM
099,1:20 PM,1:29 PM
100,1:30 PM,1:39 PM
101,1:40 PM,1:49 PM
102,1:50 PM,1:59 PM
103,2:00 PM,2:09 PM
104,2:10 PM,2:19 PM
105,2:20 PM,2:29 PM
106,2:30 PM,2:39 PM
107,2:40 PM,2:49 PM
108,2:50 PM,2:59 PM
109,3:00 PM,3:09 PM
110,3:10 PM,3:19 PM
111,3:20 PM,3:29 PM
112,3:30 PM,3:39 PM
113,3:40 PM,3:49 PM
114,3:50 PM,3:59 PM
115,4:00 PM,4:09 PM
116,4:10 PM,4:19 PM
117,4:20 PM,4:29 PM
118,4:30 PM,4:39 PM
119,4:40 PM,4:49 PM
120,4:50 PM,4:59 PM
121,5:00 PM,5:09 PM
122,5:10 PM,5:19 PM
123,5:20 PM,5:29 PM
124,5:30 PM,5:39 PM
125,5:40 PM,5:49 PM
126,5:50 PM,5:59 PM
127,6:00 PM,6:09 PM
128,6:10 PM,6:19 PM
129,6:20 PM,6:29 PM
130,6:30 PM,6:39 PM
131,6:40 PM,6:49 PM
132,6:50 PM,6:59 PM
133,7:00 PM,7:29 PM
134,7:30 PM,7:59 PM
135,8:00 PM,8:29 PM
136,8:30 PM,8:59 PM
137,9:00 PM,9:09 PM
138,9:10 PM,9:19 PM
139,9:20 PM,9:29 PM
140,9:30 PM,9:39 PM
141,9:40 PM,9:49 PM
142,9:50 PM,9:59 PM
143,10:00 PM,10:09 PM
144,10:10 PM,10:19 PM
145,10:20 PM,10:29 PM
146,10:30 PM,10:39 PM
147,10:40 PM,10:49 PM
148,10:50 PM,10:59 PM
149,11:00 PM,11:29 PM
150,11:30 PM,11:59 PM